borrower_id,upi_transactions_monthly,utility_bill_payment_consistency,gst_returns_filed,mobile_recharge_frequency,ecommerce_transactions_monthly,digital_wallet_balance_avg,social_media_financial_mentions,app_usage_financial_minutes_daily,location_stability_score
BRW000001,44,0.8882485350613233,11,3,11,356,4,24,0.6677070836476097
BRW000002,50,0.6175984017564118,8,6,6,101,1,2,0.7611771238970249
BRW000003,39,0.8364977547892612,8,6,5,3534,2,2,0.44910383012491567
BRW000004,36,0.9109990800220791,6,4,13,2229,1,57,0.9430133944401413
BRW000005,50,0.8050814187772042,9,2,8,65,5,10,0.808822609287065
BRW000006,51,0.8666901333061535,8,6,5,1347,1,34,0.5462756208373521
BRW000007,47,0.797053863324073,12,10,6,25,2,21,0.8948523784947631
BRW000008,48,0.5369770986141282,9,8,7,1768,0,7,0.6317928228648343
BRW000009,49,0.5700849312437913,11,3,8,141,2,21,0.6745341010331205
BRW000010,49,0.8862477255045643,8,4,12,692,0,2,0.7706319409275009
BRW000011,41,0.7613282403242981,7,8,3,22,3,12,0.7864900590247194
BRW000012,58,0.522733131844155,10,6,9,66,3,22,0.7381444420069488
BRW000013,35,0.8340359906301434,8,9,6,814,1,7,0.5547106980184487
BRW000014,51,0.9959789697409941,10,6,9,140,4,32,0.45596876600736086
BRW000015,40,0.8172652616935415,10,7,17,114,3,1,0.6091112586418176
BRW000016,46,0.889311217830974,8,6,10,3274,1,19,0.8221329792462722
BRW000017,39,0.9072679801150421,11,7,5,11119,1,37,0.7410173694420906
BRW000018,38,0.9484624577207637,8,6,6,1645,2,16,0.5085299155882942
BRW000019,42,0.7137298628346542,11,11,12,78,3,62,0.8308297061025421
BRW000020,43,0.8378850545165073,10,6,10,5683,4,30,0.4712005294963668
BRW000021,44,0.7804677586168983,8,7,4,38,4,95,0.3553051613061059
BRW000022,47,0.5638016162603294,8,2,5,255,6,10,0.825144057100419
BRW000023,43,0.9179885725335585,11,6,14,437,3,83,0.7471363564206859
BRW000024,58,0.8122566758118451,8,5,5,7230,1,28,0.48865129634542
BRW000025,51,0.5790750954110008,7,6,15,1586,1,41,0.8514168666748652
BRW000026,39,0.8014970322163479,8,6,7,201,3,69,0.6538788805282488
BRW000027,45,0.8041406554012394,10,6,8,97,2,24,0.7191711524081063
BRW000028,40,0.8230858455514556,8,10,5,1813,3,59,0.5553244164302543
BRW000029,46,0.8331251605746818,8,9,6,181,1,23,0.8271282158926113
BRW000030,48,0.6974378240793324,11,7,13,558,3,27,0.9346495348596958
BRW000031,57,0.8629377527279856,7,13,10,51,1,17,0.7746937982683686
BRW000032,38,0.8337260170718949,6,6,5,947,1,4,0.5851714211136062
BRW000033,48,0.6940395113313136,7,5,11,839,4,24,0.6889713062691356
BRW000034,51,0.9506664181072252,7,6,6,62,2,113,0.6458633192721221
BRW000035,46,0.7638391697182381,7,13,10,1895,0,46,0.7673669686655323
BRW000036,52,0.6730056093676543,8,5,4,927,0,41,0.88649673925991
BRW000037,49,0.9443023047454917,8,8,6,1224,3,30,0.8860444256517569
BRW000038,44,0.7721762344253283,7,6,9,228,0,12,0.603017241688033
BRW000039,42,0.881865389927164,8,3,10,527,1,5,0.6073014744610123
BRW000040,50,0.9075569619792528,9,3,6,443,1,7,0.44209981113902136
BRW000041,38,0.7516232560633168,9,4,6,323,4,0,0.6256940155640485
BRW000042,51,0.9378448233490617,6,2,3,521,4,33,0.567685473808977
BRW000043,46,0.9790976091718023,11,7,13,2656,4,50,0.5132353850391888
BRW000044,48,0.737300833779828,8,10,10,2023,1,9,0.579165590920807
BRW000045,55,0.9651120676844345,6,9,8,68,2,2,0.7654843436429037
BRW000046,40,0.8658773123771569,8,5,14,1768,2,12,0.7038618782078178
BRW000047,49,0.8908770206503348,4,8,7,2408,0,10,0.9100535661185044
BRW000048,43,0.6118274982034353,8,3,12,321,2,17,0.8120141568983242
BRW000049,42,0.4802347600792704,11,11,9,864,3,9,0.8375788698627462
BRW000050,45,0.9169740127261791,7,6,12,846,1,12,0.6371124830230995
BRW000051,67,0.9458580085426124,9,3,3,112,3,71,0.7580418082913933
BRW000052,46,0.8114900783045791,9,2,7,227,0,12,0.8819436500838795
BRW000053,45,0.9366495767669096,9,6,7,1244,1,46,0.1533486866405131
BRW000054,46,0.6640800128726073,9,10,8,191,2,29,0.9049407697872882
BRW000055,37,0.6706500938836644,9,7,8,1742,1,12,0.5219962048398863
BRW000056,45,0.9376845015339192,9,5,9,2856,3,51,0.730447100304246
BRW000057,52,0.8278751185173522,8,10,7,2242,1,27,0.6513588860338655
BRW000058,38,0.8395025562254245,7,5,4,7861,5,0,0.6756721389169573
BRW000059,45,0.8295043877368559,9,3,9,352,1,2,0.6250557924908519
BRW000060,39,0.8360893047088315,10,3,12,526,0,41,0.6750263214558776
BRW000061,34,0.8459149542163666,8,4,7,652,0,17,0.6984716234129305
BRW000062,42,0.8890587502698479,8,2,9,368,3,15,0.7115923702023994
BRW000063,46,0.6633683743701737,6,5,7,909,0,4,0.8169139250865606
BRW000064,46,0.8016836473072421,11,4,11,30,5,5,0.728108883791454
BRW000065,58,0.6398285298326334,7,7,8,548,0,47,0.6535707696061246
BRW000066,48,0.9299470277760682,8,7,8,51,0,52,0.7057317885075916
BRW000067,52,0.5924189143786412,8,7,9,95,1,24,0.5891615626753022
BRW000068,41,0.8302184903262659,10,9,3,1211,2,10,0.935967001452238
BRW000069,34,0.7331851920812416,9,5,8,299,4,80,0.820152428319005
BRW000070,49,0.929722943741158,10,9,9,1148,1,29,0.7017455470885934
BRW000071,35,0.7893498610049993,9,6,6,289,3,47,0.8775459867874199
BRW000072,49,0.8648194270443748,8,5,9,2120,3,0,0.39406852446512813
BRW000073,28,0.5188058908055654,7,6,7,281,1,17,0.8098269046890024
BRW000074,42,0.689811119799119,7,8,8,21,0,61,0.5660349056241639
BRW000075,46,0.8753317871140093,8,12,8,565,1,12,0.5931796671006824
BRW000076,43,0.7899110145409423,8,4,9,15,3,38,0.6575123178438765
BRW000077,56,0.7295386863821429,9,3,9,45,0,32,0.6689928262679793
BRW000078,47,0.8076698311499799,5,7,8,107,0,4,0.38442023904921657
BRW000079,58,0.8538905891088271,8,8,8,88,1,44,0.8025998109493393
BRW000080,39,0.8284517866016227,9,6,8,178,3,3,0.618404378804416
BRW000081,44,0.6351230283722685,10,6,7,84,2,39,0.5858432704557689
BRW000082,54,0.8612952653270866,8,4,9,48,1,141,0.6828271082909891
BRW000083,47,0.9125707030201685,8,5,6,4075,0,95,0.9074512859400519
BRW000084,34,0.6763982698673912,12,15,6,145,0,48,0.6174589429677452
BRW000085,35,0.7053459720301825,7,7,6,14,2,22,0.7453161398680483
BRW000086,35,0.8307360542577071,8,2,7,234,2,33,0.8096251394709529
BRW000087,31,0.9450308719095655,8,3,8,74,1,39,0.7465718428519161
BRW000088,48,0.7596208500260011,11,7,10,106,1,0,0.7070510738107776
BRW000089,40,0.8128259709076489,9,4,9,1170,0,3,0.6324439742898855
BRW000090,40,0.8172679874314581,6,5,8,205,2,27,0.5459816708321255
BRW000091,44,0.7999422000845049,7,6,8,71,1,0,0.9005031144991269
BRW000092,48,0.8561663839980065,9,5,3,787,0,71,0.36340995779220475
BRW000093,40,0.8145991548102592,10,8,9,2264,1,20,0.5778075145841461
BRW000094,42,0.793032168407359,9,9,11,902,3,8,0.5867383820271934
BRW000095,50,0.987573568315207,9,9,12,10,3,15,0.7624402911191793
BRW000096,39,0.937785135755538,8,5,5,75,4,57,0.6614543965749083
BRW000097,46,0.9593925312903303,5,7,8,433,0,78,0.6676172042166356
BRW000098,46,0.7343419495581287,9,8,11,279,1,3,0.7400816683710132
BRW000099,46,0.8694308805388817,11,6,12,246,2,45,0.5916839749948701
BRW000100,35,0.8095091461361066,6,4,0,92,3,25,0.6273169366282707
BRW000101,36,0.8980657080933732,11,9,7,48,4,26,0.6354576218803493
BRW000102,31,0.7323683796389509,6,6,12,8198,3,45,0.8436253182219479
BRW000103,38,0.8673569375461534,8,10,5,420,2,7,0.8213850197072812
BRW000104,48,0.6319717097964381,6,6,7,1056,6,22,0.7258768325752082
BRW000105,47,0.7975487929562936,10,4,6,407,2,11,0.6053567097510817
BRW000106,46,0.7894206318803304,11,6,8,432,3,2,0.7416736247903425
BRW000107,41,0.7158936350468278,9,6,12,367,1,3,0.9336418083176159
BRW000108,52,0.7518515219934885,9,5,9,75,1,4,0.82257676880034
BRW000109,41,0.8470185073962404,9,4,12,41,3,28,0.7160163321152626
BRW000110,52,0.7982782910106951,6,5,8,720,1,3,0.7453217858054635
BRW000111,59,0.9041768454884703,7,8,8,534,2,25,0.7535577537054617
BRW000112,39,0.911514496352537,8,9,14,1648,2,26,0.8957529342243468
BRW000113,42,0.625887290184398,10,8,9,1215,2,70,0.5848868639872462
BRW000114,47,0.9321136386814338,7,11,8,119,5,29,0.8412313157482679
BRW000115,54,0.9524540009858863,7,6,5,2205,1,127,0.6534754293012542
BRW000116,48,0.9269952747898259,9,12,1,1270,0,0,0.5511689516664121
BRW000117,42,0.6117118383096751,6,10,6,1137,2,36,0.5832001431511527
BRW000118,39,0.7030534883136766,10,8,7,11778,2,0,0.7013084659499967
BRW000119,40,0.9274251032250129,9,3,8,8655,1,39,0.7206095995313478
BRW000120,55,0.7198952252090144,11,9,5,1135,6,14,0.5970952680974584
BRW000121,48,0.6267127671960843,7,6,8,941,3,28,0.8503889799504882
BRW000122,55,0.9294597903341776,8,9,5,2043,2,11,0.349759492608964
BRW000123,42,0.7569945789549334,9,3,6,168,3,5,0.860973532788056
BRW000124,41,0.771130131435458,10,6,14,171,1,38,0.8378058868007073
BRW000125,35,0.6876848849755324,11,2,5,1107,2,70,0.6088054430434617
BRW000126,37,0.9655560218977285,10,11,4,111,3,6,0.7672786663259504
BRW000127,46,0.7405323349873207,9,5,12,981,3,76,0.7456665411411043
BRW000128,47,0.7304330882104035,10,3,6,510,3,4,0.7823614788343798
BRW000129,44,0.8274917507574583,9,5,8,111,0,39,0.48818850128751906
BRW000130,43,0.8147237115697326,7,3,7,419,2,96,0.8452317894012744
BRW000131,44,0.8758189067489441,8,9,3,2857,3,4,0.9135543987181268
BRW000132,51,0.7567307405204518,7,10,9,456,1,17,0.654418757512276
BRW000133,41,0.4676659740164875,11,7,7,459,2,12,0.6542198814416108
BRW000134,39,0.8419406504387643,9,12,7,660,1,14,0.8650314808491631
BRW000135,48,0.9401815110148026,9,5,7,803,2,41,0.8672034560571862
BRW000136,50,0.9808080772600773,10,6,8,245,2,32,0.618656300767077
BRW000137,52,0.8151179880486512,10,3,9,682,3,103,0.7949362978060543
BRW000138,40,0.9629603702193028,7,12,8,83,1,6,0.3818190669149855
BRW000139,44,0.7801406571436419,6,6,13,121,1,23,0.7694061465638478
BRW000140,46,0.8960315868476452,11,12,9,147,0,17,0.54787377717531
BRW000141,45,0.9137951112787313,9,7,11,816,2,75,0.541399888349346
BRW000142,47,0.8641034098594286,6,4,10,513,2,0,0.4939192387612014
BRW000143,43,0.7019347982750288,11,4,6,329,0,135,0.7782418576040878
BRW000144,39,0.5930392942726933,8,5,4,1137,0,19,0.6863277260910638
BRW000145,37,0.8462742763856937,5,3,8,712,0,29,0.7624835151307849
BRW000146,43,0.7378621504084825,5,8,10,261,3,13,0.6344079403177906
BRW000147,49,0.8354880399612479,9,8,4,85,5,57,0.8736209835373681
BRW000148,42,0.8447175750373669,10,5,11,117,2,24,0.4922287901580065
BRW000149,39,0.9154428807202092,10,10,11,44,4,32,0.7193705435172971
BRW000150,45,0.8274946347765744,6,7,6,498,2,31,0.5862650182645243
BRW000151,37,0.8943043329211813,6,4,5,110,1,13,0.524257144551053
BRW000152,45,0.9266974938572157,8,9,12,191,1,2,0.7718291095811328
BRW000153,38,0.6982087917665167,7,7,8,333,2,49,0.5503646990916897
BRW000154,47,0.6027935923912062,7,9,10,1931,1,10,0.8012671819636488
BRW000155,50,0.48284600081136186,8,7,6,1624,1,56,0.8155566785297288
BRW000156,40,0.7539779526143153,7,2,6,371,2,28,0.7049428699051216
BRW000157,49,0.6214438072043138,8,9,10,2692,3,13,0.8179416010963483
BRW000158,52,0.7819149916634869,8,1,5,19,2,27,0.5672282472692745
BRW000159,53,0.9579741884903512,10,7,9,6740,2,31,0.9491817680313875
BRW000160,39,0.9170568068599241,7,3,10,1139,1,36,0.9076495265176977
BRW000161,44,0.760998919320832,9,5,13,470,2,51,0.924501285741465
BRW000162,48,0.8443686171058857,9,4,4,105,0,5,0.8481036846233837
BRW000163,46,0.7261580399370434,7,5,6,209,2,86,0.5733480834842378
BRW000164,44,0.9165494429517206,8,4,9,1006,6,15,0.8428854261050368
BRW000165,43,0.6948131172664443,6,2,9,1041,0,59,0.7173421715845524
BRW000166,51,0.9896709070363235,10,3,9,1099,1,7,0.721283214396882
BRW000167,45,0.6854920158353526,8,7,6,135,2,0,0.8382400061139523
BRW000168,43,0.8346275096257159,10,0,5,100,2,25,0.759729573424674
BRW000169,39,0.5923292934471172,6,9,10,540,1,11,0.8129917693353877
BRW000170,43,0.8230418474203747,10,5,11,1280,6,124,0.5266396534472501
BRW000171,52,0.8369287358656533,8,4,9,405,0,3,0.7384608159380007
BRW000172,47,0.951975278619871,7,3,10,3722,1,1,0.6245311183409715
BRW000173,43,0.8650400942752353,9,7,5,423,1,1,0.8062544633587001
BRW000174,36,0.8289821933993219,6,3,8,403,3,7,0.8937729796909127
BRW000175,42,0.7641115215675232,7,3,6,1103,1,25,0.7316235938415768
BRW000176,44,0.893574608422739,9,6,9,2512,4,21,0.7095677626374038
BRW000177,36,0.8940431734365152,12,8,11,53,1,12,0.680939731506613
BRW000178,39,0.7138591074214915,9,5,5,75,2,2,0.8588582882903298
BRW000179,32,0.7573992165120568,9,5,11,252,1,7,0.7285282687218915
BRW000180,44,0.9075364176557766,6,7,11,46092,0,6,0.8391065820331918
BRW000181,50,0.8712393397419439,5,5,8,272,3,41,0.8500105437623628
BRW000182,44,0.8521659809303871,11,5,5,336,1,45,0.7885328044135009
BRW000183,42,0.8957777078350413,9,3,10,1019,3,45,0.6551577796352873
BRW000184,45,0.8049496446946465,8,10,6,1746,2,104,0.7333996375047108
BRW000185,54,0.8110584186417289,10,4,7,520,3,64,0.6145608989268765
BRW000186,36,0.5822942888549325,9,7,5,2313,2,20,0.7519951024226657
BRW000187,41,0.8348781220843164,9,6,7,67,2,16,0.565157451237198
BRW000188,55,0.7788793549740516,8,4,10,127,0,74,0.6162617568275068
BRW000189,57,0.9315489734521848,8,7,12,2307,2,28,0.5311604128481276
BRW000190,50,0.9073991105805035,8,6,8,410,4,10,0.6353936160921849
BRW000191,39,0.6120359014797041,10,3,6,60,2,24,0.8746375221334113
BRW000192,38,0.9159298820543365,7,12,10,55,1,145,0.38299491231789223
BRW000193,41,0.8954002737558396,8,8,5,119,3,56,0.40897008223332704
BRW000194,39,0.8413168220658431,6,3,2,404,3,9,0.8229205718962294
BRW000195,37,0.8794497668136955,9,8,5,813,2,91,0.6844032519214097
BRW000196,42,0.7216135129548641,6,6,5,246,2,119,0.8181746076708917
BRW000197,46,0.7905487136333277,7,7,12,718,2,7,0.7975635564628183
BRW000198,51,0.7348809223497079,9,5,15,209,3,67,0.6949581940156289
BRW000199,41,0.8541793815641365,9,7,9,2529,2,64,0.7800532426595193
BRW000200,34,0.6995889653319116,6,10,7,18541,1,1,0.8651658894645585
BRW000201,40,0.8475710469956022,8,4,9,223,1,33,0.8894608437415445
BRW000202,46,0.9205327965482341,6,4,11,828,2,10,0.5989973733655588
BRW000203,51,0.9508336050036312,7,5,6,733,3,33,0.8048177041750525
BRW000204,40,0.8174468727401974,8,5,7,496,1,73,0.7956786702082042
BRW000205,42,0.9028270287614025,10,5,5,1074,2,20,0.4109335784095202
BRW000206,44,0.9259835089351593,9,14,11,827,3,16,0.7841804997050295
BRW000207,47,0.921916119201457,5,10,5,199,0,76,0.7303003755568432
BRW000208,42,0.5152877847621438,9,7,7,2906,4,109,0.6393771411159703
BRW000209,40,0.6223647770905227,10,6,9,545,1,1,0.6843080346625953
BRW000210,39,0.9156005543963135,8,2,7,226,1,76,0.536003047529099
BRW000211,41,0.6100874876679042,7,3,6,15753,1,2,0.7440755244731821
BRW000212,64,0.8039958809469875,9,9,10,338,2,12,0.59539965468954
BRW000213,40,0.8527330203640694,9,8,1,591,0,43,0.911127855759607
BRW000214,43,0.7057188624542239,9,3,10,524,0,45,0.7074768004021063
BRW000215,45,0.9026444220670418,11,7,8,332,2,38,0.6491051870276925
BRW000216,34,0.9520160603645835,7,7,10,790,2,1,0.474635282656318
BRW000217,49,0.7621176462807493,9,4,5,113,2,4,0.829851191140317
BRW000218,43,0.7898251345248711,7,8,9,987,2,82,0.6582254134040223
BRW000219,44,0.7473955806831311,7,10,11,28,2,2,0.6816106164538449
BRW000220,44,0.9604093904187659,8,12,6,57,1,2,0.7584835328457966
BRW000221,45,0.610733498013314,9,5,4,6239,2,54,0.6779702985447807
BRW000222,52,0.9307888776610186,8,6,9,61,3,30,0.5172104524152495
BRW000223,44,0.8158214653266258,9,7,3,21,2,13,0.8426771395022088
BRW000224,42,0.8200559876769337,9,6,1,63,5,5,0.42777952136630687
BRW000225,52,0.9802102922543,7,6,10,5486,2,64,0.6042971914684814
BRW000226,35,0.7715700075597015,9,4,7,27,1,134,0.7544157272410994
BRW000227,35,0.7501468363013793,7,7,10,96,4,1,0.6398170669947538
BRW000228,37,0.7448245997521615,10,3,6,45,4,24,0.7423137730548083
BRW000229,49,0.7407656606347973,10,6,10,267,2,9,0.8593214986780432
BRW000230,42,0.9597625427218196,5,5,5,209,1,53,0.8065704113088926
BRW000231,52,0.6968677358607966,8,4,11,196,3,12,0.5492657436965431
BRW000232,31,0.7431972998179602,8,2,7,6530,3,37,0.5714967221324362
BRW000233,46,0.8956646511913198,8,6,9,66,0,23,0.730210488571454
BRW000234,39,0.7738752427711324,10,8,8,346,3,23,0.7282906902027949
BRW000235,38,0.9399578737061791,8,7,7,670,1,58,0.706033378756529
BRW000236,39,0.7909184881266516,11,2,4,92,3,19,0.5738407417035712
BRW000237,39,0.8273715263008727,8,11,10,837,1,56,0.6338860578355853
BRW000238,54,0.9147701224217125,8,9,9,221,3,13,0.7179642005984996
BRW000239,47,0.663593242651281,6,6,8,707,2,5,0.688632122398278
BRW000240,49,0.7883609877776647,8,7,10,343,1,18,0.6837039438591862
BRW000241,51,0.8197483045183099,10,8,8,18,4,20,0.8718853727542165
BRW000242,43,0.5356439558685077,8,7,17,2861,1,19,0.7033276488165743
BRW000243,53,0.8912844812601356,10,3,14,9006,0,49,0.8985218695096072
BRW000244,46,0.8195555929567618,10,6,11,309,2,24,0.6451242138679663
BRW000245,44,0.9214300702228272,11,6,10,104,0,65,0.8563437359802643
BRW000246,57,0.5818115382441726,8,6,14,3862,1,21,0.40243200781370675
BRW000247,45,0.953657746584663,11,8,6,6874,1,7,0.8840224356166522
BRW000248,49,0.9789254235857466,9,7,10,313,0,4,0.715724755421503
BRW000249,52,0.8278362774844489,6,8,7,290,4,60,0.7080536138906234
BRW000250,33,0.8265553660088771,8,1,5,357,3,1,0.787536799141499
BRW000251,42,0.7161324871307044,11,8,4,32,1,3,0.8449274964719387
BRW000252,48,0.6834323367580994,10,4,9,260,1,1,0.7086140609778402
BRW000253,54,0.7688140917397401,8,7,2,5283,2,16,0.5968837365185858
BRW000254,43,0.564770243261963,6,4,5,313,1,22,0.7433791102098166
BRW000255,42,0.7238500136264989,11,8,6,84,3,0,0.6495993124212116
BRW000256,47,0.7066374222609041,7,5,7,849,3,21,0.5617950974549457
BRW000257,55,0.915006053540921,8,7,4,148,3,15,0.41459934729427433
BRW000258,45,0.6362601733211258,8,5,5,365,1,44,0.7902905774991442
BRW000259,45,0.9103280147788051,6,9,8,60,4,53,0.6703210791481721
BRW000260,51,0.9329021050971875,7,8,4,85,1,34,0.8660022188525451
BRW000261,49,0.7034004851507991,7,3,5,1219,9,19,0.7219957059421468
BRW000262,38,0.9121516762950852,9,4,7,480,0,7,0.9411784883683432
BRW000263,46,0.8975828727680406,8,9,11,125,2,56,0.5529928981045162
BRW000264,46,0.7798940060025389,8,4,11,482,2,12,0.7208238177956919
BRW000265,50,0.6529988325103763,9,1,3,162,3,13,0.8599533135027589
BRW000266,48,0.8738879381936558,8,2,10,124,2,74,0.7497638038057778
BRW000267,45,0.7517638981457454,10,7,8,2312,5,111,0.8089142353983398
BRW000268,40,0.895141895935993,10,4,9,1305,2,68,0.8566245988649025
BRW000269,37,0.7594614889878396,9,9,8,390,4,190,0.610819220003806
BRW000270,47,0.84627980581626,7,11,4,500,0,60,0.5322382788807439
BRW000271,37,0.7487244756598632,6,5,5,398,3,36,0.4589502871768292
BRW000272,51,0.8631557895164087,9,8,8,837,1,10,0.8124018003147409
BRW000273,41,0.9260665497856164,8,5,8,121,1,91,0.4542225836587257
BRW000274,52,0.7454244605405318,10,7,10,1471,2,62,0.7099983392851789
BRW000275,34,0.8040410194603428,6,3,7,685,1,8,0.8200524949499702
BRW000276,46,0.8165403585292252,8,5,6,271,0,20,0.7239752438505431
BRW000277,44,0.6929894128003653,7,6,5,194,1,2,0.7080831566200353
BRW000278,41,0.9031747062194617,7,6,9,1424,0,91,0.5256099447982605
BRW000279,53,0.9276655074139722,9,5,8,321,3,25,0.9281973670807363
BRW000280,53,0.9135661711928188,8,10,13,141,1,8,0.6135877595154543
BRW000281,53,0.5872050422702654,6,9,7,226,2,10,0.8082524290906522
BRW000282,34,0.7725307552616615,10,6,8,1278,0,118,0.7861380577521515
BRW000283,44,0.9749873229018116,8,7,8,36,1,28,0.7825696508798957
BRW000284,42,0.5315657201316802,5,1,6,236,0,16,0.7810655421025865
BRW000285,45,0.847496192315675,9,3,12,2009,1,20,0.5387089296784718
BRW000286,42,0.6368646860572634,7,3,9,313,1,3,0.725049949089456
BRW000287,50,0.8774922434535057,6,14,9,607,2,2,0.7670898077151947
BRW000288,49,0.8703148274676737,7,4,7,2059,3,26,0.7849212449120113
BRW000289,49,0.652242912795824,10,6,10,1538,0,21,0.5288288796151029
BRW000290,60,0.7361080377781224,9,7,10,208,2,13,0.7351736271960907
BRW000291,55,0.4844154437737436,11,4,8,331,3,25,0.7738797494044714
BRW000292,44,0.3583227537533857,7,5,6,1567,2,2,0.45371621348923385
BRW000293,42,0.9457034887822181,7,2,10,1651,2,86,0.4369989320967765
BRW000294,45,0.6960696551967709,8,7,7,353,1,10,0.5716143525428381
BRW000295,56,0.9698904560133408,9,6,15,372,0,2,0.7118007677917535
BRW000296,42,0.9106755311280664,11,6,5,602,1,5,0.7087399932675014
BRW000297,42,0.9291369767470391,7,10,10,3134,0,3,0.5060772060648421
BRW000298,45,0.9688965254333871,7,6,5,2000,4,5,0.6760467692580213
BRW000299,53,0.7676048615977078,6,7,7,1141,0,16,0.9250224954616221
BRW000300,36,0.8557015258583921,7,7,3,79,3,40,0.6149663820434208
BRW000301,44,0.8645076419633811,7,5,6,267,1,9,0.8997471050731622
BRW000302,30,0.7970542767827122,7,8,8,289,2,17,0.8823605180285781
BRW000303,42,0.7734464729819447,8,6,5,3387,4,79,0.7787459436481055
BRW000304,49,0.45185585808576667,9,8,4,281,3,10,0.6355123511925297
BRW000305,40,0.8562353790774794,6,5,8,2644,1,47,0.478471232384696
BRW000306,53,0.7659815981427095,8,6,8,171,0,5,0.5541794381931027
BRW000307,58,0.847927654599704,9,5,5,193,5,5,0.6771904216349239
BRW000308,41,0.8484977502022859,11,7,7,830,4,18,0.7383264424965728
BRW000309,36,0.8689875434360206,9,6,8,4239,5,8,0.7812913659688591
BRW000310,37,0.6844116575127571,8,2,10,293,1,70,0.8745022634365789
BRW000311,47,0.94466693124139,9,4,7,8,2,1,0.4569917787084399
BRW000312,26,0.9103251852825134,10,5,7,38,2,27,0.8168128566029753
BRW000313,41,0.9867790583152531,8,6,2,630,3,27,0.6143839013735478
BRW000314,44,0.9263143673077637,10,8,8,44,3,2,0.4176038702510428
BRW000315,45,0.810060801466706,7,9,8,110,4,39,0.6268957649694811
BRW000316,40,0.9004366404973626,9,8,8,410,3,18,0.5765515885935886
BRW000317,46,0.6583421886918548,8,6,7,10,1,38,0.5405787846296467
BRW000318,44,0.6496630667575515,10,4,4,228,1,52,0.5753566964798009
BRW000319,45,0.4541587852532958,9,11,7,70,4,11,0.9329233739228321
BRW000320,46,0.6014320921763512,9,5,9,42,3,19,0.6320670671051505
BRW000321,49,0.9031024283967056,7,12,13,121,3,9,0.8215287932146559
BRW000322,44,0.7755747860035752,7,8,6,81,1,6,0.8007251747696261
BRW000323,51,0.8020302871059399,10,4,8,815,3,0,0.8362568097921877
BRW000324,33,0.9577357887528309,8,2,10,2427,0,99,0.6912506225957318
BRW000325,31,0.6813768521980449,10,5,3,233,1,17,0.6685038139420908
BRW000326,44,0.7929801915233234,5,8,7,164,1,0,0.5805634728254445
BRW000327,34,0.5047768448019392,6,3,7,216,4,0,0.8625291195155558
BRW000328,45,0.857137715872744,8,5,14,76,2,10,0.5632219135680699
BRW000329,47,0.8774643658885656,8,10,7,58,4,0,0.3461844760966538
BRW000330,43,0.6347300857188968,7,3,13,34,2,14,0.9084543716747991
BRW000331,54,0.9345571031744498,8,3,4,54,3,1,0.8503259407488073
BRW000332,37,0.8568681137996497,8,8,5,4665,1,1,0.8981648079716721
BRW000333,43,0.7781467431554485,6,1,9,143,1,33,0.6193435251646339
BRW000334,47,0.9195063761729871,8,9,13,4,3,71,0.44504197368311993
BRW000335,45,0.6213810247346324,8,7,10,167,1,15,0.7048237854690365
BRW000336,53,0.8374736417919985,7,2,8,37,1,54,0.6116133393530525
BRW000337,66,0.6371702247715728,8,8,7,441,3,0,0.7612465151838023
BRW000338,62,0.6696773276909773,7,6,5,375,0,45,0.7930076045805267
BRW000339,39,0.7233684625129464,10,7,8,438,1,1,0.6515133156442181
BRW000340,49,0.8441533893126069,9,9,7,379,0,54,0.4629570461783893
BRW000341,44,0.7567812126531573,10,8,13,230,4,64,0.556071417900281
BRW000342,47,0.8943618944449709,8,9,10,45,0,46,0.6063816251374239
BRW000343,53,0.7843593440784099,9,5,5,360,0,51,0.562773248986923
BRW000344,42,0.8694213177662878,4,8,10,1860,2,24,0.5517642260981894
BRW000345,55,0.5569390722106946,8,7,13,6127,2,9,0.608923704712862
BRW000346,52,0.8065327368909192,7,9,7,282,3,30,0.7589677280931959
BRW000347,46,0.7702689845968715,9,5,8,332,2,17,0.7299992268119926
BRW000348,41,0.9468164027374347,7,7,4,854,1,0,0.8146413323340177
BRW000349,55,0.8115108714617034,8,3,9,3789,4,19,0.46184259775931336
BRW000350,36,0.8515376829582133,8,8,6,194,3,31,0.8499262387649799
BRW000351,47,0.8745042925020056,9,5,10,1140,2,0,0.8028462526471248
BRW000352,40,0.8673998209826296,8,6,7,117,4,29,0.7013108816417083
BRW000353,49,0.9553620397873198,8,7,8,661,0,31,0.7172355752365629
BRW000354,47,0.84392572170179,8,5,6,1730,1,5,0.7872813686617467
BRW000355,44,0.8910349150971952,6,9,8,58,4,16,0.8035859344363516
BRW000356,39,0.8899216063177952,6,6,13,183,4,100,0.8426486915988554
BRW000357,56,0.9408140053115484,5,6,4,1689,1,64,0.5519314347005986
BRW000358,39,0.9131953210010666,8,7,8,1016,1,15,0.6256173244054584
BRW000359,54,0.9748307833146269,5,6,2,1908,3,12,0.7554689950174738
BRW000360,54,0.7584064025344389,7,3,7,1440,3,3,0.7579185034258848
BRW000361,50,0.8298163804012635,9,8,7,241,2,1,0.6612423377036506
BRW000362,42,0.7352511570670548,9,9,8,10924,1,10,0.6663164059166052
BRW000363,45,0.9258293965774976,10,11,8,495,2,84,0.5153485497536219
BRW000364,54,0.9937204277107118,12,2,4,4,4,95,0.5056011164123929
BRW000365,38,0.8294183835217144,10,3,10,264,2,50,0.8982057293976234
BRW000366,41,0.6950108345529645,12,6,10,199,2,12,0.7901130791925728
BRW000367,48,0.8928209774176764,8,4,5,1329,3,4,0.8183582307790771
BRW000368,45,0.8103798143637858,9,7,5,205,2,27,0.9141151434898254
BRW000369,45,0.8989926129326729,9,7,4,2097,4,31,0.4606154941696502
BRW000370,50,0.6865024428726944,7,4,6,931,7,16,0.7856369111437267
BRW000371,42,0.954604982883446,7,5,7,90,2,35,0.7476149121343083
BRW000372,62,0.9294880201962789,5,4,7,326,1,41,0.4178760581084956
BRW000373,50,0.7662012889132402,8,6,8,126,2,45,0.7701500476539118
BRW000374,40,0.7960907476908168,9,7,7,532,1,20,0.46467218624183243
BRW000375,55,0.7371048725909063,9,5,6,124,3,47,0.6307261779873079
BRW000376,59,0.8642038037128233,10,4,9,451,2,0,0.8218100304661169
BRW000377,46,0.6702150718797395,10,6,8,268,1,34,0.6907912230452965
BRW000378,58,0.888961423684526,9,10,10,321,2,8,0.4292081325411716
BRW000379,46,0.6926392406818073,4,9,7,8746,4,9,0.8289974385054233
BRW000380,46,0.8185859196535267,12,5,6,234,5,2,0.8255031474697955
BRW000381,44,0.9321451121934226,10,4,12,22,5,6,0.7861121556834725
BRW000382,36,0.5120458105471056,10,5,9,1851,2,144,0.5625531872737479
BRW000383,40,0.7999477432832215,8,6,6,1829,0,16,0.7993811359698078
BRW000384,35,0.5968428826812971,9,5,7,20,3,78,0.7033597541770731
BRW000385,39,0.8259958132600417,9,6,8,140,2,5,0.6155322512527086
BRW000386,38,0.9070029332757501,10,4,6,775,5,6,0.7231953225222776
BRW000387,47,0.9447930415940706,9,10,6,885,1,24,0.5159906833003363
BRW000388,41,0.930610853184547,10,10,13,400,4,12,0.5440302583884877
BRW000389,61,0.8079843968710209,8,9,5,414,3,30,0.7723177163361812
BRW000390,50,0.8570983824658188,10,2,6,98,2,16,0.78547310008352
BRW000391,41,0.8804516399540865,7,8,6,11,4,50,0.7076815871384202
BRW000392,33,0.9291658286895411,8,8,8,8727,1,16,0.9610828408896843
BRW000393,40,0.7486843010758735,7,13,8,94,4,25,0.7830000307450451
BRW000394,44,0.8336448485168194,9,3,10,525,3,11,0.7613691407995139
BRW000395,42,0.6449718857004827,9,4,15,317,0,36,0.9195357784717706
BRW000396,44,0.8157386924335984,10,7,6,1549,2,31,0.675149915028363
BRW000397,47,0.9241952918739899,8,5,5,479,1,15,0.7002849322835423
BRW000398,46,0.8054043256297746,8,7,11,507,0,9,0.6243833220405158
BRW000399,36,0.7489641775288152,9,6,6,7,3,28,0.7818919238988011
BRW000400,41,0.7538931058227442,7,3,10,115,2,86,0.649265556757351
BRW000401,38,0.7033569018160413,7,8,6,1232,1,4,0.45644821285670656
BRW000402,39,0.609657693629396,7,13,6,1077,1,48,0.883156214147054
BRW000403,39,0.5432243056117936,10,9,7,96,3,23,0.6470138916788631
BRW000404,55,0.8355336911743175,8,8,8,37,1,22,0.8990895426850158
BRW000405,43,0.6056019921880521,11,7,8,487,2,97,0.6342005035612289
BRW000406,44,0.7586769067376352,8,5,7,5,1,27,0.8612114706942537
BRW000407,48,0.8721938393076394,9,9,10,72,1,53,0.6393923367474529
BRW000408,53,0.7300534968418498,10,7,6,5654,1,21,0.7119093044561684
BRW000409,47,0.8474017250094575,7,8,9,3524,4,8,0.7456520522911491
BRW000410,39,0.5733072418088604,8,5,10,837,1,35,0.479458567731333
BRW000411,45,0.9657569219162679,9,5,13,639,1,76,0.5613162901299028
BRW000412,38,0.893516389067042,11,6,7,21,3,55,0.7603284186375249
BRW000413,51,0.7105199047199889,8,6,9,132,3,6,0.8258465226279431
BRW000414,45,0.7666398700093158,6,11,8,259,4,11,0.8114920329801983
BRW000415,47,0.8642792779248807,8,8,10,137,2,21,0.8836094226567212
BRW000416,54,0.7413122941441459,5,1,6,238,0,25,0.7218802455524814
BRW000417,47,0.6790448151813985,10,5,12,2832,2,6,0.9449082271721653
BRW000418,48,0.9209225759848634,8,7,11,178,2,7,0.6889145526115844
BRW000419,48,0.9373497580763139,7,9,6,241,0,42,0.6188127933308897
BRW000420,50,0.7210302096303354,8,9,8,1223,1,39,0.6026557056222287
BRW000421,49,0.6345053934310205,10,4,8,47,2,54,0.5051439226811815
BRW000422,43,0.6995131608432494,8,11,5,114,1,81,0.770522298930154
BRW000423,39,0.9384661593383423,8,7,7,133,1,11,0.8955870104005409
BRW000424,48,0.8494006716267306,7,3,10,438,4,58,0.6844235481229229
BRW000425,42,0.9583052712887533,7,8,5,240,2,32,0.7911295013553296
BRW000426,47,0.7405054732846327,7,8,10,252,3,94,0.775262876543591
BRW000427,49,0.6810075129526346,8,4,6,148,2,9,0.7133238251388133
BRW000428,38,0.8263218545144753,10,9,8,80,1,9,0.6593283009479979
BRW000429,50,0.7620704491880678,9,6,6,1005,1,36,0.7868157137656255
BRW000430,45,0.807254196134299,7,9,10,243,5,79,0.6638769858241176
BRW000431,49,0.9683178880299139,6,1,5,1020,1,52,0.7269180298347151
BRW000432,34,0.6471134599218692,11,5,10,76,1,38,0.7789884699497784
BRW000433,42,0.8292073956755782,8,3,12,148,2,14,0.6417972279759206
BRW000434,42,0.8933032881384377,9,9,7,289,0,37,0.7019127290991306
BRW000435,36,0.7066945074337984,10,12,10,333,1,48,0.882852360930722
BRW000436,42,0.857729272343046,8,12,9,1250,1,41,0.7274171870447584
BRW000437,42,0.8290679411540824,8,5,8,211,2,33,0.5099187743148522
BRW000438,35,0.8369525557927289,12,7,5,1236,4,1,0.7608500384363014
BRW000439,53,0.8995898819675004,7,4,10,707,1,32,0.9260806488710778
BRW000440,34,0.919479276165133,7,7,9,343,2,19,0.6735987783298982
BRW000441,42,0.9042894869979707,5,5,11,96,0,97,0.622202772479139
BRW000442,47,0.7870539774580263,10,3,12,1255,1,28,0.615814271424659
BRW000443,50,0.6830715029576307,8,4,11,100,2,28,0.9630431199035381
BRW000444,52,0.9626972016200597,9,6,3,390,3,153,0.8340047765994115
BRW000445,46,0.8449961505556578,9,8,9,372,1,2,0.8812448193371212
BRW000446,49,0.45186352256446216,8,2,6,295,1,9,0.7628653976461398
BRW000447,44,0.8522154459124202,7,10,11,224,0,32,0.7612359525404535
BRW000448,36,0.8894665519580613,11,4,6,117,1,11,0.7754661773584307
BRW000449,45,0.8922932145361235,5,9,7,35,3,12,0.746351219848122
BRW000450,57,0.8588515659884434,7,7,9,3313,2,66,0.8543956738290989
BRW000451,45,0.6967502283180145,7,2,9,192,2,25,0.7638960372132859
BRW000452,36,0.8569703825472672,7,2,8,332,5,3,0.6623415159793503
BRW000453,40,0.854410944303331,9,6,6,329,2,11,0.9446522217477514
BRW000454,55,0.5947537557717355,7,8,6,2086,1,2,0.7293959400867394
BRW000455,44,0.6392712181463711,9,3,7,7330,0,24,0.8342109632959597
BRW000456,44,0.9045068109499937,6,5,6,512,0,5,0.6979896416225312
BRW000457,41,0.7381872301949466,10,3,8,318,1,58,0.8435448155688067
BRW000458,53,0.6754571095323231,9,5,8,74,4,25,0.6666334150625314
BRW000459,31,0.9191588812093874,8,2,10,46,3,1,0.7313056914830159
BRW000460,42,0.8549844418253832,9,6,11,28,3,10,0.588432871059726
BRW000461,51,0.8080194416372903,9,9,5,122,2,28,0.668368546913481
BRW000462,46,0.5637969957863133,9,7,7,17,1,12,0.7798613553985717
BRW000463,36,0.8383817165233878,7,5,7,2034,1,21,0.6370219035651629
BRW000464,42,0.8349003848514109,8,10,6,761,1,72,0.7890674205949055
BRW000465,45,0.8355791306133281,9,3,10,276,1,12,0.9155827397269501
BRW000466,65,0.9261441085175364,10,4,9,2130,3,12,0.40414890426398836
BRW000467,50,0.9622181386460514,9,7,13,80,3,51,0.5123239532560814
BRW000468,42,0.9281964407356041,8,6,5,117,3,11,0.6572478046727734
BRW000469,47,0.9597553609874216,7,4,6,22,3,2,0.6682797919571277
BRW000470,41,0.7651225057235475,10,2,7,1288,1,5,0.8183632807478128
BRW000471,46,0.743668811412351,10,9,18,119,3,89,0.7113008158970241
BRW000472,58,0.8458222325863111,9,1,7,413,3,81,0.862652210511412
BRW000473,33,0.7709366516381024,9,7,9,1815,1,7,0.7938927626402941
BRW000474,47,0.7443307821832773,9,5,9,3153,2,24,0.6390194725858381
BRW000475,49,0.9347893229162697,7,9,5,386,3,4,0.8439955950098909
BRW000476,40,0.9729035124328917,9,5,4,717,0,33,0.826596762078012
BRW000477,42,0.8152007167188057,8,6,9,103,1,6,0.5500988612807952
BRW000478,37,0.8345434928978025,8,4,8,5039,2,1,0.7082299933427354
BRW000479,39,0.9454298286796893,10,6,1,314,2,52,0.825424800761152
BRW000480,41,0.6593322406263148,8,2,7,455,1,11,0.8462287288053035
BRW000481,47,0.7935101174543233,8,4,5,219,4,3,0.7547190117827489
BRW000482,48,0.7366584352125078,9,8,7,2437,0,53,0.6050216809106111
BRW000483,43,0.6325910190665509,7,8,9,544,1,43,0.5645649392148728
BRW000484,43,0.7588750020374943,10,6,7,1263,2,34,0.8761161190773326
BRW000485,39,0.726508745324386,6,6,4,686,1,72,0.815101916295186
BRW000486,48,0.915968728603506,8,6,7,289,0,20,0.6138858763700659
BRW000487,33,0.8123518678268011,8,7,2,1626,3,4,0.6784633708139903
BRW000488,45,0.8873793296690142,7,9,7,677,0,1,0.7767109484223331
BRW000489,40,0.9363802609324453,7,5,8,95,3,11,0.5583035850465308
BRW000490,47,0.8142931130638256,8,10,6,91,1,2,0.6886652061803887
BRW000491,39,0.6674394952366742,7,5,7,504,0,23,0.6242888007451167
BRW000492,43,0.8820906752490005,9,4,3,1573,1,0,0.4748856628797537
BRW000493,42,0.8597306465393343,8,10,8,4717,1,17,0.6026603310706092
BRW000494,51,0.6722147213114738,11,4,7,28,0,5,0.6964756905003382
BRW000495,38,0.801688384824711,10,6,7,419,3,13,0.6386514969663883
BRW000496,48,0.8058054101040986,7,7,10,840,2,33,0.6200133884646692
BRW000497,41,0.8925946449416835,11,8,6,628,2,12,0.7987175980281347
BRW000498,49,0.8688112137846259,10,4,6,1833,3,12,0.7491323808356858
BRW000499,57,0.7872871083266089,7,6,9,1078,2,140,0.822681218320838
BRW000500,51,0.7880713620053529,12,2,4,91,2,38,0.8639596512593516
BRW000501,53,0.8679180613754284,9,9,5,88,1,21,0.6512001681714675
BRW000502,49,0.765885634649424,8,6,6,644,4,25,0.7809358126870615
BRW000503,53,0.9389677432892637,8,3,13,1782,2,29,0.6152163028252651
BRW000504,45,0.9061817915869185,7,7,6,500,2,0,0.9442495943719437
BRW000505,42,0.9502771928567981,8,7,9,37,2,2,0.7752239259760514
BRW000506,37,0.9064360821099754,8,6,2,83,4,31,0.4168119469064542
BRW000507,46,0.8901134072743057,7,7,5,1138,3,13,0.43828189404042406
BRW000508,38,0.8823915844666878,8,5,8,239,2,1,0.6916542499308095
BRW000509,59,0.6827204009727519,8,8,4,481,2,10,0.5595999241284383
BRW000510,48,0.9841138587293413,6,4,9,1994,1,4,0.5621666589354728
BRW000511,44,0.5717460263539509,9,1,6,66,4,74,0.7722163915755317
BRW000512,50,0.7087395958872612,9,6,9,216,3,6,0.3618623658826086
BRW000513,46,0.8671938490449198,12,3,4,184,0,4,0.7948745435247468
BRW000514,47,0.8930939420902739,8,6,5,687,2,29,0.7296709500936229
BRW000515,42,0.7927467008602753,11,10,3,1286,0,22,0.42589291567417914
BRW000516,39,0.7404423274151545,8,2,9,43,3,25,0.5425863859420231
BRW000517,49,0.7365266014310058,7,6,9,400,4,17,0.8258853088120892
BRW000518,47,0.8805704907235179,8,6,7,1486,4,18,0.6784502967993578
BRW000519,45,0.9425517273038089,9,4,9,24,1,45,0.5944372302744771
BRW000520,42,0.8203630791692653,7,5,16,366,2,7,0.6876954575361085
BRW000521,49,0.7597588410503372,9,5,11,65,4,15,0.6613542924082813
BRW000522,46,0.917072658404238,7,7,8,154,7,94,0.9114204495413422
BRW000523,36,0.8559725884421564,8,9,10,9,1,6,0.8750761585453085
BRW000524,41,0.7800863941408269,10,4,7,3258,1,10,0.6157141746983271
BRW000525,60,0.9219408927061818,6,5,11,236,1,6,0.45467690555452245
BRW000526,54,0.9629793268948077,10,6,6,120,4,0,0.6804224948145708
BRW000527,42,0.8941505693551481,5,2,8,660,2,9,0.876820902279826
BRW000528,40,0.9018928907753492,12,8,5,84,1,1,0.5924143411236441
BRW000529,57,0.6998885621199233,9,2,12,73,2,5,0.6314666898074833
BRW000530,57,0.7974710961255466,10,5,8,3887,2,13,0.8165570111589138
BRW000531,60,0.715841620158368,11,12,12,6081,0,0,0.9011066327468605
BRW000532,45,0.9842664474509725,7,7,7,165,2,41,0.7288716724681084
BRW000533,46,0.8047528019954131,8,5,7,2000,1,47,0.6953641185406484
BRW000534,44,0.9156767204343079,7,6,9,688,3,15,0.7118715199032449
BRW000535,50,0.9508136121564065,9,9,11,48,0,125,0.8174340090323383
BRW000536,59,0.8315333861856945,9,1,8,100,3,34,0.8300722380224791
BRW000537,40,0.7146291130781434,8,9,16,4132,1,40,0.8455501691310019
BRW000538,51,0.8925557917659558,9,7,13,47,1,6,0.8703267769939879
BRW000539,49,0.8637794414055069,8,4,6,12351,1,54,0.6361219048538534
BRW000540,49,0.6630127670898377,8,3,5,171,3,87,0.7418614275093666
BRW000541,43,0.9130415730650738,10,9,7,4320,3,8,0.9030460632186438
BRW000542,37,0.947238687118465,7,4,13,255,0,34,0.7360381606534755
BRW000543,36,0.7898199303169368,8,4,9,1339,0,41,0.6884121473564487
BRW000544,42,0.4162458693971931,8,8,9,3270,1,10,0.8212880253240354
BRW000545,58,0.855067698747251,10,6,10,3245,0,19,0.7078004619384287
BRW000546,49,0.7404878353096868,9,12,9,167,1,3,0.7458399715950668
BRW000547,34,0.4915800450358483,9,7,9,111,2,5,0.9433075900016515
BRW000548,52,0.6605637980854063,9,7,8,357,0,1,0.8828468451406162
BRW000549,34,0.7142335658787885,10,9,10,57,1,24,0.7712644744091312
BRW000550,42,0.7690203158250712,7,3,4,577,1,29,0.8160628931463524
BRW000551,46,0.831396349681713,8,5,8,117,3,74,0.8631550702589349
BRW000552,56,0.9068296864041792,8,4,8,2046,2,23,0.6049144726369505
BRW000553,29,0.9091535020727141,10,3,4,171,4,9,0.7181603742914048
BRW000554,46,0.8137142041868598,6,10,4,29,2,1,0.6730269449265939
BRW000555,40,0.7097946159673476,10,4,5,3298,0,64,0.9581328829221174
BRW000556,41,0.8803342815189106,7,4,6,531,5,19,0.8400592698813514
BRW000557,47,0.7043904224511527,5,11,9,421,3,40,0.8504772688408359
BRW000558,43,0.8224205032204981,7,6,6,2083,0,0,0.8201799737094583
BRW000559,46,0.9358411525817238,4,6,9,1491,3,20,0.9012972958544431
BRW000560,51,0.9626720059318308,8,1,10,128,1,11,0.57561974819527
BRW000561,42,0.950705405329431,10,2,7,205,2,0,0.7287223473309509
BRW000562,41,0.6574639875759518,10,2,10,75,2,44,0.5022853994182467
BRW000563,52,0.7988741769564195,9,6,8,44,1,21,0.6002820275705509
BRW000564,54,0.9740084363905556,12,4,11,960,1,12,0.860955379136873
BRW000565,42,0.8103378504934331,8,6,5,726,2,49,0.4647395593486812
BRW000566,35,0.8448136327996475,9,10,7,1262,1,17,0.7929050893042243
BRW000567,46,0.9532950619767351,7,6,3,2758,1,0,0.6672388058842819
BRW000568,48,0.9048956463232586,9,5,4,1289,2,86,0.7527527218111723
BRW000569,39,0.5603999155937681,9,9,8,1473,0,8,0.5279630081320024
BRW000570,44,0.7496993103614454,5,5,8,17,1,53,0.8071903371894984
BRW000571,45,0.9750377136825972,10,4,6,254,0,50,0.7532792396138612
BRW000572,44,0.8772595839231576,8,7,8,1714,2,5,0.7357223056436365
BRW000573,39,0.5935216897181324,7,8,12,69,3,19,0.6646952035625419
BRW000574,48,0.8365365252808713,10,2,9,462,4,1,0.5596403440937676
BRW000575,43,0.7184756781996016,8,3,10,879,1,13,0.7607979930092978
BRW000576,53,0.8589810077601074,9,8,3,783,2,39,0.6905340255605545
BRW000577,41,0.910287689199633,7,6,12,701,0,8,0.885576703552373
BRW000578,49,0.7392025783820864,8,5,8,990,1,3,0.5901249878441658
BRW000579,37,0.9386235671885674,9,5,6,529,3,21,0.5787125747943055
BRW000580,55,0.9653608218282006,7,2,8,44,0,23,0.6782154004416101
BRW000581,59,0.7755613158818455,10,7,12,863,1,33,0.2955413626503583
BRW000582,51,0.7837155783717267,7,4,9,618,3,42,0.9239371996719222
BRW000583,48,0.7542979077486417,7,12,3,45,0,35,0.699143107442712
BRW000584,42,0.8426341566221972,7,7,4,3195,0,56,0.7460783560883196
BRW000585,53,0.8406130250969303,7,10,6,898,0,7,0.741769590719984
BRW000586,47,0.9010964202197684,9,6,8,50,2,25,0.8770210732126755
BRW000587,43,0.7251530683556928,5,9,5,118,2,13,0.8395567532118828
BRW000588,41,0.8336817997083513,9,6,13,173,3,98,0.5788703776483716
BRW000589,38,0.6115865052724117,8,11,8,172,3,17,0.8863490001104838
BRW000590,48,0.8067206755256212,10,9,3,626,1,96,0.9132721018413479
BRW000591,41,0.5714704733543435,5,6,14,93,1,43,0.6365122683135475
BRW000592,50,0.7041421986922233,8,10,7,2191,1,38,0.8900562159209487
BRW000593,46,0.7700281437118977,7,5,7,1936,2,20,0.6197968278264144
BRW000594,39,0.9114726161809241,11,7,15,1021,0,17,0.780279064891236
BRW000595,34,0.6580905524171073,7,7,7,431,2,22,0.5562507752104764
BRW000596,46,0.8335717699197885,7,8,5,1646,3,10,0.9193298570526973
BRW000597,55,0.9615351412778308,8,2,7,266,1,70,0.5442084150472987
BRW000598,47,0.8893705888355098,9,8,8,136,7,47,0.5835594491763745
BRW000599,48,0.8158143801451159,9,8,11,2404,2,48,0.6997783160335092
BRW000600,48,0.851582695902092,10,6,9,649,2,17,0.5722690942755727
BRW000601,37,0.8827824032571869,9,4,9,144,5,2,0.6737337915587792
BRW000602,47,0.7251207565179243,10,4,8,215,1,34,0.5897074657285789
BRW000603,40,0.6734908948685518,9,10,6,133,2,14,0.8523271814172793
BRW000604,41,0.6411776288904839,10,7,14,8377,1,61,0.556422874290688
BRW000605,59,0.9252442084316322,10,5,10,405,0,45,0.8359175806973305
BRW000606,43,0.7303193090484845,11,6,7,511,1,4,0.7558705030676298
BRW000607,56,0.6469935581915964,6,10,7,1190,1,27,0.9051223173755465
BRW000608,39,0.6807535353017331,8,8,7,65,2,35,0.8113575323959725
BRW000609,43,0.9615169843726512,9,5,13,2089,3,25,0.6474127792273701
BRW000610,49,0.8784849888566497,8,4,10,162,1,21,0.6871518149817437
BRW000611,40,0.8779276890384918,8,5,3,6279,0,7,0.5751075017139642
BRW000612,48,0.676616133762318,6,10,13,252,1,8,0.6583981388497919
BRW000613,44,0.7801267779197196,10,4,7,1913,2,43,0.7407963896429155
BRW000614,43,0.5333640936553371,9,4,14,9,1,0,0.627082929242883
BRW000615,56,0.7451709307920185,5,4,5,69,4,45,0.9166339865530384
BRW000616,43,0.8768430173940545,9,6,6,259,3,22,0.3787895403844662
BRW000617,59,0.7960582084434336,11,9,13,19,1,82,0.5091105348315353
BRW000618,44,0.7934422851940877,10,7,6,993,4,177,0.731594848801722
BRW000619,47,0.8125238317363482,11,8,5,645,3,32,0.8023908346838782
BRW000620,47,0.7281630223470377,5,9,9,91,4,15,0.5683728742894832
BRW000621,45,0.8083932982361559,9,4,9,393,2,19,0.9041599546261234
BRW000622,54,0.8292957081715698,6,3,9,1352,2,6,0.7043157303155024
BRW000623,40,0.7098233370514286,4,4,8,17,2,3,0.7322679118689667
BRW000624,54,0.9517905388425074,8,11,7,59,1,25,0.65591065743075
BRW000625,43,0.7823440922881321,11,13,9,244,3,49,0.35632459487837387
BRW000626,51,0.9514053980200071,11,4,6,418,4,9,0.5292598324046944
BRW000627,42,0.8594738534889061,9,7,6,369,1,16,0.6760433884709541
BRW000628,53,0.9273778829741379,9,6,5,1531,3,24,0.6391197912392078
BRW000629,49,0.4924975418212662,8,7,7,825,3,71,0.6976196450621972
BRW000630,55,0.6899901251376811,9,8,7,1147,2,4,0.708936594054348
BRW000631,60,0.8687580418897907,6,4,10,50,1,8,0.7284127087712932
BRW000632,42,0.85283990647807,8,10,7,501,0,75,0.5592816267751342
BRW000633,40,0.9783527092552357,8,3,8,254,0,1,0.7908336367893443
BRW000634,41,0.8151435795639403,6,8,9,3615,1,32,0.6306173703216055
BRW000635,44,0.736816898947409,10,9,5,524,0,30,0.5594257786306552
BRW000636,55,0.6826365945801711,10,4,13,147,5,14,0.7185803393387106
BRW000637,39,0.6743229476472545,10,9,10,1449,0,18,0.6844098923750748
BRW000638,40,0.8800497093803425,10,5,12,939,2,57,0.7492127038816239
BRW000639,34,0.8790674669708546,8,3,4,117,2,5,0.6579609803534235
BRW000640,35,0.7326508404527963,9,6,9,239,1,7,0.5461095432615255
BRW000641,41,0.7802677767223749,9,4,8,245,5,21,0.8165428948102958
BRW000642,47,0.9157551163233904,5,5,7,2543,1,15,0.7912730028457412
BRW000643,50,0.9928741308379098,10,6,6,547,6,25,0.7246474726495148
BRW000644,42,0.8520179470292953,8,7,9,1200,2,76,0.7545937218464394
BRW000645,49,0.6880024261096661,10,1,5,192,1,74,0.8470401922251433
BRW000646,41,0.9020502420301885,9,6,8,666,2,7,0.8573529956033463
BRW000647,50,0.8251914285810569,8,7,9,2849,2,10,0.6009860747546517
BRW000648,36,0.8789306758807175,6,6,6,234,2,5,0.8530081282336651
BRW000649,39,0.8621937415968017,9,10,12,479,2,78,0.8478817766746346
BRW000650,38,0.9036224681017809,11,7,10,52,1,15,0.7590447457385925
BRW000651,36,0.4745465066079828,9,10,5,127,2,17,0.7356125514790767
BRW000652,37,0.8581339064588472,10,5,9,244,1,48,0.9559849783969075
BRW000653,32,0.8037752345432361,10,15,8,82,3,21,0.8754440020742359
BRW000654,45,0.7074179083786792,8,5,6,2930,3,3,0.8773738442577533
BRW000655,51,0.6902434063754015,11,8,6,114,2,17,0.7647381676038928
BRW000656,44,0.7036328703080308,9,6,7,1313,2,29,0.8208303019537435
BRW000657,59,0.6732013534629109,8,6,8,533,4,38,0.8412893538239966
BRW000658,46,0.6979802647945442,9,10,4,422,3,31,0.6590004244835561
BRW000659,41,0.9837196111654429,11,10,9,3749,1,3,0.6895673707319621
BRW000660,37,0.428075382419431,5,5,8,13,0,10,0.5426425380021757
BRW000661,50,0.8945213129620463,9,9,8,300,1,39,0.5965307618144119
BRW000662,46,0.7125001999696349,7,1,8,79,1,63,0.7547232945966869
BRW000663,38,0.89487489472275,9,7,12,21,4,1,0.6975406815748343
BRW000664,43,0.6911700600447976,9,8,9,67,1,1,0.5679734551417327
BRW000665,38,0.8405319986352365,9,7,7,413,5,30,0.8230621504366311
BRW000666,54,0.5079581839465278,9,8,5,135,1,23,0.7666114352304122
BRW000667,37,0.6762399613575043,11,10,5,1548,0,5,0.7433486536719299
BRW000668,53,0.9923605761408193,9,6,4,292,1,23,0.6626338060651679
BRW000669,47,0.7715863263628321,6,3,8,247,0,110,0.5452924933290318
BRW000670,36,0.7501215018713088,8,9,13,249,6,29,0.7061922316483606
BRW000671,57,0.8156617163617892,10,4,6,348,1,17,0.8776504607421557
BRW000672,47,0.7310949596815979,8,3,11,215,6,52,0.6516341035280744
BRW000673,44,0.9004766026557102,6,4,11,112,1,7,0.6867747118380386
BRW000674,42,0.6978407362198366,8,6,11,1778,0,16,0.7414770521218895
BRW000675,50,0.9220470040839267,10,5,3,158,2,22,0.6036677707110473
BRW000676,39,0.7648922514464125,7,10,8,226,3,21,0.6029095961632511
BRW000677,44,0.7819377535024717,9,8,6,768,3,76,0.6096492590102858
BRW000678,44,0.6025942031250952,9,6,9,650,2,10,0.6174347191888486
BRW000679,44,0.96152068993807,8,11,7,105,2,1,0.620951974162154
BRW000680,38,0.8217428445373383,7,8,10,1251,0,74,0.46089970090987803
BRW000681,50,0.6501833818781866,6,5,6,903,0,7,0.7470595668144936
BRW000682,49,0.9149287182792043,6,3,14,526,1,14,0.9286566743552135
BRW000683,45,0.6842271656489883,12,7,6,211,2,22,0.7970131585043715
BRW000684,43,0.8856113732908335,6,4,7,219,3,111,0.7300420664782116
BRW000685,38,0.8165721497411105,11,4,13,298,3,22,0.7722978105311306
BRW000686,47,0.7876341151796006,9,0,11,63,2,17,0.6790828949821001
BRW000687,40,0.8223946990674852,8,8,6,380,0,26,0.5209138681378147
BRW000688,49,0.8499482568508657,9,10,12,1537,3,106,0.7999725682748429
BRW000689,46,0.638005740007756,8,7,8,1502,1,51,0.7026868907254978
BRW000690,44,0.6738204777684,9,3,12,227,2,5,0.40300888641423593
BRW000691,43,0.841085465095765,6,10,8,1990,0,48,0.7476723012483512
BRW000692,47,0.7076671526247964,10,4,12,7036,1,55,0.8864305977476239
BRW000693,47,0.9314305469719277,9,10,12,251,0,35,0.7565511593939049
BRW000694,43,0.9323695670500305,6,2,8,1138,3,32,0.6746475889432028
BRW000695,43,0.94823195663383,11,9,12,13,2,17,0.838440734116011
BRW000696,35,0.9886019683613465,8,4,6,61,5,30,0.8449633471461697
BRW000697,41,0.6544543101672136,8,6,3,462,1,40,0.48823031490017516
BRW000698,42,0.7991121643571535,8,9,6,89,0,3,0.6496827948560056
BRW000699,46,0.963249284415253,8,3,9,8593,4,8,0.6307253191874832
BRW000700,46,0.5688270972252456,10,8,7,989,1,6,0.7674583766176475
BRW000701,42,0.936372572519513,7,5,7,1717,4,55,0.45642275747756916
BRW000702,48,0.9753573787213029,10,6,8,386,4,34,0.5476569294474487
BRW000703,44,0.960409759614978,9,5,12,89,3,17,0.805458840747073
BRW000704,44,0.9373440549580763,11,9,5,185,1,52,0.7633683852198835
BRW000705,45,0.7296780496776379,8,12,7,590,0,37,0.6504424412473064
BRW000706,57,0.6031792299230314,8,7,9,154,0,73,0.7931331836096693
BRW000707,51,0.7997619160632533,6,2,6,1104,1,2,0.6152665509518637
BRW000708,46,0.8604825128331679,7,9,6,1172,2,21,0.8301324297080679
BRW000709,44,0.7498750560080625,8,5,5,406,4,36,0.6352093012023446
BRW000710,43,0.5964829609639626,6,9,6,26,1,6,0.8206020817158138
BRW000711,53,0.8842855031257337,9,6,9,5282,3,11,0.7835235554775533
BRW000712,47,0.7553421855811201,8,7,13,293,4,16,0.4073810105526949
BRW000713,35,0.7864327097135531,8,7,7,23480,2,47,0.7762180617444983
BRW000714,41,0.9464549874096122,9,7,4,1073,1,20,0.9139476430912354
BRW000715,54,0.8410532096988426,7,3,9,294,2,20,0.760421946830895
BRW000716,33,0.9025999838741718,10,5,9,789,1,16,0.5158377324854924
BRW000717,42,0.803086334592211,8,6,6,19,1,7,0.7926170916117877
BRW000718,49,0.9336262295769175,8,11,6,1880,1,76,0.8155801110525913
BRW000719,53,0.6222754407811772,6,5,8,18966,0,11,0.7555892950453044
BRW000720,44,0.8515429531844939,6,1,7,17,2,25,0.7382263999193148
BRW000721,38,0.8385336085143136,8,4,13,262,1,4,0.8930428486320444
BRW000722,50,0.8636383105598182,8,6,8,344,0,17,0.7948587465443394
BRW000723,52,0.9619040704337943,9,7,4,1499,2,70,0.7648495521074753
BRW000724,43,0.8177474238654379,9,5,13,9499,4,161,0.7849843938468896
BRW000725,46,0.864142462974578,6,5,8,716,4,13,0.672824060170828
BRW000726,43,0.8941552109001235,6,3,9,10023,1,5,0.9373595317500016
BRW000727,43,0.7830540473631004,6,3,7,520,1,11,0.8953171568482862
BRW000728,45,0.9188875543814482,10,5,7,794,1,11,0.7172679971651542
BRW000729,41,0.8791026882624066,7,9,5,660,3,31,0.4979274994499943
BRW000730,51,0.6599224694394054,6,8,3,2516,4,20,0.6124884092277976
BRW000731,46,0.9350924797241991,9,5,8,214,2,43,0.8572887401403397
BRW000732,43,0.9712267650670774,8,3,9,1376,3,36,0.723057436767791
BRW000733,54,0.8983849249006082,7,8,8,63,4,8,0.8776485961553078
BRW000734,42,0.7718571654951526,8,8,11,263,3,46,0.5308002948728302
BRW000735,37,0.8933703129972704,4,5,12,155,5,56,0.48799614570133526
BRW000736,42,0.7843924009512532,9,4,6,460,4,27,0.8820382036944746
BRW000737,47,0.8442421626071144,8,7,7,251,2,78,0.8492263113175431
BRW000738,43,0.7721910912278275,7,8,9,2204,2,45,0.709840011015514
BRW000739,47,0.49927593290938654,8,8,10,107,1,27,0.7943346877891311
BRW000740,37,0.8136878992319466,7,1,8,30,2,70,0.7533048542348844
BRW000741,53,0.9686022546971187,8,6,10,52,1,27,0.8283151757084901
BRW000742,32,0.7412514557414956,9,5,8,1792,0,22,0.7120172698182397
BRW000743,50,0.9026688682616897,10,8,5,94,0,13,0.6755261121569591
BRW000744,53,0.8745885236412908,9,11,9,732,3,64,0.8446783972331852
BRW000745,34,0.9076911145215883,7,9,13,259,1,3,0.6011177266399687
BRW000746,36,0.9501655121334152,6,10,14,1389,4,19,0.6423297155234716
BRW000747,45,0.8329381565956578,10,4,9,285,6,23,0.35965192985300043
BRW000748,49,0.7628860499138502,9,3,4,25502,1,24,0.7411272478568466
BRW000749,36,0.8541646009017012,10,5,10,6954,1,31,0.8056651938535072
BRW000750,45,0.9163943402144488,8,5,4,251,3,21,0.5708852649211485
BRW000751,43,0.5481346162373614,6,9,9,204,3,8,0.687883545110458
BRW000752,59,0.7498873496479109,8,7,4,44288,3,58,0.7802827382150697
BRW000753,61,0.9079223676931948,8,4,9,79,2,32,0.6250072810573133
BRW000754,50,0.9028314286814986,8,4,3,371,3,58,0.3904959100876823
BRW000755,49,0.7641471504295343,10,4,11,417,2,9,0.6183020592089488
BRW000756,46,0.6835101272057938,7,11,7,402,1,30,0.5912234784241178
BRW000757,52,0.8847194576047894,8,5,4,29,1,37,0.779899431797076
BRW000758,53,0.7543755413817239,8,5,8,849,4,14,0.8474897423014471
BRW000759,40,0.7969098128506399,6,5,6,94,3,50,0.7459168128190828
BRW000760,44,0.9730039248150376,7,4,5,3477,3,0,0.651195560655954
BRW000761,40,0.9724644823137891,7,5,6,45,2,27,0.5619007791088928
BRW000762,45,0.8297566359834085,6,5,5,441,0,28,0.6845868705166474
BRW000763,50,0.8957257598190614,5,6,8,14,2,22,0.6781104084057472
BRW000764,44,0.8789503618981785,8,9,11,15,0,29,0.9044664857431743
BRW000765,41,0.6867950442911483,10,3,9,114,3,5,0.8174017174279641
BRW000766,37,0.7590689650493542,9,8,5,141,5,34,0.8507225032559077
BRW000767,56,0.7673982565400241,7,3,9,3635,5,12,0.6548794522263077
BRW000768,52,0.8325131271067014,11,8,9,379,1,18,0.815462498003268
BRW000769,40,0.7621213946447106,11,6,9,2803,2,12,0.8465793911820447
BRW000770,49,0.8784322488546217,11,9,9,228,1,19,0.6712493903555007
BRW000771,48,0.685086670716939,7,7,10,1001,1,29,0.7246618790936111
BRW000772,49,0.8719303405207052,8,5,7,135,2,54,0.7610190407608712
BRW000773,55,0.7449714416240291,9,2,11,122,5,19,0.6025811281348846
BRW000774,41,0.6125442694790981,10,4,11,26,2,11,0.6244127216018729
BRW000775,51,0.8435437057656997,7,4,7,667,1,20,0.6264863171368302
BRW000776,36,0.6275191182435108,9,2,11,597,0,35,0.7091083924735695
BRW000777,48,0.9331295255471135,9,5,7,1294,1,12,0.692366375191212
BRW000778,52,0.967170537732215,8,8,6,556,3,16,0.8502027521703753
BRW000779,51,0.9385121289841124,8,6,4,8427,2,24,0.6772706100824352
BRW000780,37,0.8728688758872603,9,6,7,525,2,10,0.7577438922517004
BRW000781,43,0.7434638431213856,8,8,9,1786,2,7,0.9076289664003796
BRW000782,39,0.9726959373254194,9,10,10,248,2,4,0.7250714362858934
BRW000783,65,0.7725398660744265,7,6,6,103,2,13,0.18515499233797209
BRW000784,51,0.896636785654148,10,6,5,1183,1,1,0.7486999517257776
BRW000785,36,0.8548776845215967,10,4,7,352,0,26,0.7540888762321543
BRW000786,40,0.9239358136637532,7,11,13,1405,4,5,0.7565103341046278
BRW000787,30,0.7300966828527965,8,4,7,684,4,14,0.7667083528083589
BRW000788,33,0.7724705721269556,10,6,12,122,2,9,0.41296989740358664
BRW000789,45,0.7125214233976498,10,3,9,2021,2,29,0.5933701487120924
BRW000790,43,0.8424130412529767,7,9,14,109,2,56,0.6899057929128909
BRW000791,56,0.6588023265117227,7,3,9,1030,0,30,0.37041968858666435
BRW000792,54,0.9503825284697593,9,8,5,2758,2,23,0.7901030654607951
BRW000793,43,0.831335789366965,8,14,6,226,0,33,0.8028844109714395
BRW000794,47,0.8781457131686523,10,5,5,2284,2,0,0.7870829576825026
BRW000795,52,0.814667305312307,8,5,4,732,1,3,0.6971977240159329
BRW000796,50,0.943598244355112,11,7,10,1447,2,2,0.464871842090125
BRW000797,35,0.46256006447948317,9,5,6,114,3,3,0.8458721987701081
BRW000798,43,0.6640659779641752,11,5,12,556,1,9,0.5523724363155955
BRW000799,52,0.9342131888584071,9,4,4,48,3,22,0.5835849987477709
BRW000800,47,0.8723306491961367,9,11,6,5255,2,3,0.8975221373224282
BRW000801,38,0.9470686215075238,9,5,8,19,6,82,0.6747417294315052
BRW000802,41,0.8672725716052369,11,10,12,236,4,57,0.5234160762393968
BRW000803,51,0.8558191961053224,9,9,9,99,2,106,0.775797017553834
BRW000804,42,0.8515397199261631,7,8,5,1109,1,1,0.9528973555695697
BRW000805,52,0.7873740049942456,9,6,6,7229,2,57,0.6894510085521808
BRW000806,37,0.8042203930848992,8,4,8,1077,7,48,0.9130092878030334
BRW000807,55,0.8122747126508145,9,8,7,34266,3,69,0.7566430358486178
BRW000808,39,0.8118384067027338,9,6,5,51,4,22,0.7339466465643648
BRW000809,47,0.6851695252471868,8,6,9,57,1,46,0.7296628859419619
BRW000810,39,0.8855249541664623,6,10,8,105,5,1,0.9465058959883497
BRW000811,39,0.852705665347872,10,5,11,483,2,2,0.28150444496434374
BRW000812,44,0.6819760563847034,11,5,6,86,3,3,0.8403325684968979
BRW000813,50,0.8707083672309391,8,8,12,130,2,73,0.330745047390658
BRW000814,48,0.8534254469861025,6,4,8,1023,2,1,0.7815988290657487
BRW000815,46,0.6912914022426951,5,6,8,62,0,3,0.6413633790235067
BRW000816,57,0.8460999360586878,9,10,5,73,4,79,0.7004049377183917
BRW000817,42,0.6604315181201327,9,6,11,221,1,3,0.592526610068582
BRW000818,57,0.778019542217984,8,4,8,255,0,61,0.7589061910592304
BRW000819,34,0.8871742681423007,8,11,4,1835,3,46,0.5338122108105067
BRW000820,45,0.7504186884285137,8,5,7,104,1,1,0.6458198336945842
BRW000821,42,0.7090582322336652,7,9,7,136,2,0,0.47452691937692304
BRW000822,47,0.7098534070720393,7,6,5,965,0,22,0.8503055456855372
BRW000823,36,0.8139008318255238,8,5,6,1342,1,176,0.6009967295464304
BRW000824,43,0.8314032158888447,9,10,9,3439,1,63,0.9538807085462202
BRW000825,43,0.7877608875532154,8,2,8,815,1,11,0.5582937786212249
BRW000826,49,0.7794699853534713,9,7,6,490,2,14,0.5580865627852098
BRW000827,41,0.8241296600830097,9,2,8,955,2,14,0.8235598440230096
BRW000828,54,0.6932115374779162,11,3,9,270,3,39,0.8086528857918799
BRW000829,46,0.8982867952125572,10,8,5,267,1,12,0.815349643847463
BRW000830,43,0.8196545100124184,9,7,9,28,2,4,0.8537390274983878
BRW000831,50,0.6879710236514369,7,9,15,1540,6,41,0.5317795595603585
BRW000832,35,0.8001542370991743,9,5,6,554,1,18,0.7578027098791705
BRW000833,39,0.6781181312337944,8,7,7,1294,0,2,0.767888174569622
BRW000834,44,0.9348001791613079,9,6,7,5,2,46,0.6909884769509177
BRW000835,49,0.871318237308915,10,7,11,375,2,26,0.5956367196135964
BRW000836,48,0.6045521816351067,6,8,7,111,8,20,0.47503337779389504
BRW000837,41,0.8401268717932491,7,6,9,3835,4,33,0.6552741775102592
BRW000838,44,0.8217849104128008,11,7,6,1013,1,21,0.4412758085754645
BRW000839,37,0.8368699992522212,8,9,12,573,4,31,0.4599437651093728
BRW000840,29,0.8784339185990006,9,7,14,211,4,60,0.7703025265520762
BRW000841,35,0.9005957164912919,4,3,9,732,2,28,0.5668255224917694
BRW000842,53,0.6922948878568131,9,4,6,100,3,32,0.5259118756708933
BRW000843,39,0.8010044683627826,10,9,7,347,1,28,0.8074644056901743
BRW000844,45,0.8868211785925001,8,8,6,169,1,22,0.7197298817451928
BRW000845,45,0.9840901528497512,7,7,7,12085,3,5,0.803211528782926
BRW000846,35,0.8856590807135601,10,7,9,3658,2,12,0.6142760003893492
BRW000847,40,0.9741508641219752,8,8,6,1987,3,35,0.6633312468583132
BRW000848,48,0.91848189731812,11,5,6,43,1,16,0.6623356772647178
BRW000849,30,0.8725746938348636,6,5,5,1474,3,15,0.825473920769357
BRW000850,20,0.6371344191026267,11,3,5,534,4,42,0.8138534295613749
BRW000851,35,0.8594041912328391,6,3,6,2528,3,0,0.7848451647371387
BRW000852,41,0.9143039811757575,9,4,12,654,1,34,0.8428774921650142
BRW000853,46,0.7619770669705668,9,5,4,399,1,20,0.645571351076815
BRW000854,49,0.9139871598312225,5,9,9,572,3,14,0.9665247375551265
BRW000855,46,0.7553121154508584,5,7,6,26,3,12,0.7424013209355894
BRW000856,50,0.5590532463075911,8,5,5,127,1,5,0.6677645764241358
BRW000857,46,0.7412500236256895,10,8,11,706,3,12,0.6297224520727956
BRW000858,48,0.7777582656109148,8,7,6,2228,1,14,0.7936732483106249
BRW000859,38,0.9493999671168052,8,5,1,176,2,17,0.8380683106692853
BRW000860,54,0.9514836697215896,8,6,9,379,1,33,0.7326531223042757
BRW000861,44,0.7891019529788003,8,5,8,36,0,18,0.6479032234932387
BRW000862,43,0.8243023987631185,11,6,9,3600,3,47,0.6622139818207822
BRW000863,42,0.9680298503503305,8,4,9,2144,2,30,0.7807154380397547
BRW000864,35,0.8456501718725605,8,5,10,1072,6,6,0.7797837522365957
BRW000865,30,0.834006583578774,10,8,7,742,0,9,0.8196226740672184
BRW000866,59,0.7620039843959958,8,3,7,4141,3,2,0.7922104842695159
BRW000867,37,0.867514375414426,8,3,9,120,3,87,0.7305465557448083
BRW000868,45,0.7825119253068881,8,7,7,102,5,65,0.6018276234214874
BRW000869,39,0.9476276199783212,10,5,10,1982,2,2,0.8558875952618953
BRW000870,41,0.9145964769517428,8,4,11,1792,1,25,0.764585904900596
BRW000871,48,0.7154536635800057,9,6,8,67,2,96,0.8025740944449666
BRW000872,51,0.8059284886802993,8,6,9,181,5,41,0.6796034296793095
BRW000873,41,0.7818988942407643,7,3,9,5082,2,20,0.7481962226898181
BRW000874,58,0.7633372083926496,8,5,6,748,1,8,0.904865552782322
BRW000875,51,0.9401637915939488,10,3,9,1313,4,9,0.5335283752800294
BRW000876,56,0.7250292615130521,8,5,10,70,3,39,0.8781184133270055
BRW000877,35,0.5745834262908881,5,7,9,1080,3,45,0.7498646420383006
BRW000878,51,0.8451018264955176,10,6,12,47,1,22,0.7481727356972584
BRW000879,38,0.8549356809932307,7,1,15,20,1,3,0.5021598798659123
BRW000880,47,0.5628320640014917,8,7,11,1200,0,81,0.5843813951509009
BRW000881,52,0.6798232299562803,7,8,8,3469,2,55,0.7545586881942354
BRW000882,50,0.8255978656536672,9,4,5,275,2,4,0.8088624060857568
BRW000883,36,0.8189382551745322,9,4,7,177,2,1,0.4434855759647487
BRW000884,42,0.8590682624216709,6,8,6,5251,3,23,0.6266761319935589
BRW000885,58,0.5835331651101948,9,3,8,301,4,10,0.7290139247138021
BRW000886,36,0.7548361743687874,11,4,8,365,1,9,0.6981804747779481
BRW000887,43,0.7864165965290364,8,9,9,5120,5,2,0.7875266911260062
BRW000888,47,0.8945332820333775,10,8,8,237,3,91,0.6196883778143727
BRW000889,58,0.8494247541670128,7,10,8,151,2,53,0.6886036835345875
BRW000890,43,0.5036039551487597,8,8,5,1370,2,3,0.9051334334061067
BRW000891,53,0.964881381944849,7,5,7,138,1,62,0.6845809085238865
BRW000892,39,0.9080326647729439,7,8,8,324,2,34,0.7257774199926063
BRW000893,35,0.8537085384665776,10,7,10,55,1,11,0.7367960831849099
BRW000894,41,0.6473157654167594,9,9,11,532,2,61,0.6967399138659777
BRW000895,43,0.8158473578103441,7,4,3,446,2,27,0.7198941871799868
BRW000896,31,0.8096976732798381,9,6,7,1723,2,56,0.7825222818744278
BRW000897,45,0.7964042104526873,5,8,16,1459,1,19,0.7210071656589884
BRW000898,41,0.7775391192056621,7,10,7,922,1,20,0.5639343076307004
BRW000899,55,0.5824534148288492,11,7,8,728,3,10,0.734213619221777
BRW000900,36,0.7526053649465358,7,5,16,361,1,14,0.5222046536018581
BRW000901,43,0.5252666408513182,10,5,8,1006,2,25,0.6729639360146412
BRW000902,50,0.8912814131113801,10,4,9,76,1,88,0.818633513043911
BRW000903,44,0.9570075120023357,7,4,8,11,1,27,0.7852407811002209
BRW000904,47,0.890618247557718,7,6,10,2305,3,4,0.8593382943074961
BRW000905,56,0.7923389260467225,8,8,9,1109,4,0,0.652320113832759
BRW000906,39,0.5894487976409211,9,5,12,333,1,57,0.7358693499548785
BRW000907,54,0.9669851498235597,9,7,7,2021,1,13,0.7626719825551778
BRW000908,39,0.7881023049278022,9,4,10,134,2,11,0.5288610969789017
BRW000909,46,0.8870634988689452,9,6,9,140,1,48,0.7345471766269615
BRW000910,37,0.7586027318045863,10,7,7,113,2,87,0.6206799418044993
BRW000911,38,0.8781679602353755,8,9,7,945,6,41,0.608551861844951
BRW000912,43,0.9476842586629485,6,5,8,37,1,5,0.3428530553164071
BRW000913,45,0.7862447463470806,9,9,2,127,0,14,0.7288365772692307
BRW000914,36,0.8512928518962587,10,2,9,623,1,42,0.9192672465754883
BRW000915,52,0.9552761291273839,7,5,6,66,3,71,0.7094915179420267
BRW000916,40,0.6066087005757229,7,5,6,149,1,197,0.907414030023737
BRW000917,36,0.4374403563909515,6,14,11,14,1,21,0.6307653977027177
BRW000918,49,0.7994380452938294,10,1,5,1000,2,51,0.7747107720483506
BRW000919,53,0.7746795948648005,10,5,8,143,1,1,0.8469836981207888
BRW000920,61,0.9217853509578902,8,11,6,77,2,10,0.8198422056216483
BRW000921,53,0.7500550412531984,8,11,12,57,3,13,0.5934954760000937
BRW000922,38,0.8948091025026135,9,6,7,215,3,111,0.7460195748133258
BRW000923,44,0.6557752681458415,8,5,5,37,0,0,0.7827916655174749
BRW000924,35,0.7597109163713902,10,3,8,7432,2,11,0.8264411206323675
BRW000925,50,0.8978617185432218,9,4,8,11,3,79,0.5066651304994765
BRW000926,41,0.9143195580667058,8,4,6,205,3,10,0.6603187419280027
BRW000927,47,0.9081336233402896,9,4,12,473,3,7,0.6016781003828512
BRW000928,53,0.9575405729518265,8,4,5,126,0,39,0.6633004457117534
BRW000929,56,0.8534914450591091,9,7,8,554,2,41,0.7431384113408571
BRW000930,40,0.8369539074148964,9,10,9,121,5,19,0.9130070467736817
BRW000931,35,0.9196683863755621,9,8,7,4004,3,88,0.606710296657479
BRW000932,47,0.8072488400340295,9,1,10,75,0,6,0.7910613259865958
BRW000933,38,0.7154251408486597,11,6,7,11,0,73,0.7941577610861767
BRW000934,59,0.7807611096736927,8,6,12,57,3,42,0.7804589050980808
BRW000935,41,0.8302533517728686,7,8,5,720,1,13,0.26029022148450814
BRW000936,41,0.9550269905130849,9,11,10,338,1,49,0.7329833904455938
BRW000937,33,0.365505080874012,11,6,4,1246,0,4,0.4745395902706123
BRW000938,51,0.798758937261533,5,7,10,856,1,4,0.954598435735445
BRW000939,57,0.477672875170355,9,6,6,155,2,79,0.8241447702499308
BRW000940,54,0.559314856850817,10,3,10,193,0,2,0.8651438931173766
BRW000941,41,0.7273050985431629,9,3,6,226,2,0,0.7431944817652311
BRW000942,53,0.9079443903969149,7,11,7,6812,0,14,0.5462077202143709
BRW000943,47,0.8332568348926971,9,4,7,1137,2,3,0.5118750547917896
BRW000944,53,0.8034686094359493,8,4,8,6887,2,59,0.5253180859793573
BRW000945,33,0.9633743877644262,9,5,8,1423,1,76,0.9055120735325344
BRW000946,46,0.7705222360749729,10,5,7,366,0,19,0.6508518757203089
BRW000947,46,0.7154035383814118,9,7,11,87,2,16,0.6460917082916904
BRW000948,41,0.9029564135189677,7,11,7,545,2,23,0.6232811816328157
BRW000949,42,0.7573324433363781,8,5,10,368,0,7,0.5901160241343703
BRW000950,46,0.8921792260993351,10,5,9,350,3,10,0.7678999825134789
BRW000951,46,0.6409292043227595,10,3,15,294,2,3,0.8581125804895657
BRW000952,53,0.9227602622775605,8,4,12,18,1,17,0.6712746328104754
BRW000953,39,0.9458687810140641,7,4,5,2673,2,28,0.7157899694040266
BRW000954,42,0.757003147868287,9,4,7,374,3,79,0.48655429117556814
BRW000955,44,0.7453027983929567,8,6,7,48,2,40,0.7287174104848242
BRW000956,34,0.9866990173885034,10,5,7,831,5,38,0.7739504953378202
BRW000957,37,0.8275961241609195,9,6,7,111,1,11,0.906122360966528
BRW000958,41,0.8293057321785754,11,7,6,937,1,65,0.787013987360199
BRW000959,50,0.8494814067361429,7,9,8,1513,2,88,0.8821797110556111
BRW000960,45,0.9003868232698464,9,9,7,1862,2,80,0.7893518974402615
BRW000961,44,0.9514140276002611,7,4,10,316,3,1,0.8828698769631949
BRW000962,46,0.8219392721027183,8,12,10,216,0,27,0.8456050667271384
BRW000963,51,0.8000765255623847,7,5,6,157,1,30,0.7285149872954271
BRW000964,44,0.6773178332179352,9,4,7,136,2,10,0.7709567070507607
BRW000965,41,0.8991086299243568,10,5,12,393,0,146,0.6984281381991007
BRW000966,43,0.8076229009781137,5,5,6,294,3,10,0.5151820279636179
BRW000967,61,0.4487063067653906,8,5,8,116,4,7,0.7637174587847105
BRW000968,54,0.9454995288170246,7,7,8,72,3,19,0.5177618661871688
BRW000969,46,0.8232001556055104,12,6,4,342,4,11,0.6872162381956008
BRW000970,51,0.7768663701328892,9,5,10,210,3,77,0.6836461424467418
BRW000971,47,0.8920275767628264,7,7,11,72,2,17,0.839301134787462
BRW000972,39,0.8929210404987159,11,4,4,1402,1,15,0.5822253670927959
BRW000973,41,0.9094523870635944,8,3,5,5756,1,29,0.666735889680133
BRW000974,46,0.49381077857493466,9,8,1,1709,0,2,0.634370303912326
BRW000975,46,0.7558572839280894,11,5,9,136,1,42,0.7692635738049171
BRW000976,40,0.5049681229699532,10,14,10,374,1,43,0.6280168575945206
BRW000977,53,0.602572359191461,9,5,13,4066,0,19,0.5628974338323959
BRW000978,38,0.8383193397871369,10,8,8,69,2,93,0.8827671616534207
BRW000979,54,0.8466827606120284,8,5,6,1304,4,25,0.7634982199473176
BRW000980,48,0.6866280287354815,10,3,11,45,2,35,0.7348490817729699
BRW000981,51,0.9726215128492478,9,10,7,5044,3,77,0.6033251545664677
BRW000982,53,0.6793633697102744,6,2,10,211,3,32,0.7452830208934935
BRW000983,41,0.588089508660543,9,3,7,11425,1,16,0.6979574121350088
BRW000984,38,0.7717931525201701,9,8,5,5388,3,0,0.5794131016391592
BRW000985,50,0.6937314953280251,7,6,4,343,0,39,0.7557725886391372
BRW000986,33,0.8223890215037597,6,7,6,137,2,100,0.8217475452948492
BRW000987,50,0.6766142557579676,11,4,9,540,1,19,0.9337910234764889
BRW000988,44,0.7686294296107745,9,2,9,307,3,12,0.8652187102301518
BRW000989,57,0.5250096151802919,8,4,6,220,2,21,0.5575463706299185
BRW000990,44,0.7996942283945274,9,1,7,33,1,39,0.4550193799681303
BRW000991,40,0.7156777209886951,7,7,7,186,1,0,0.7709834791224498
BRW000992,35,0.7345703594869587,5,3,8,76,3,65,0.9199274918093561
BRW000993,42,0.7330968250537361,6,7,4,922,2,65,0.7459146707643414
BRW000994,47,0.6851264386202128,9,4,7,1783,2,23,0.6992726362259581
BRW000995,53,0.868455230303651,10,8,12,1225,5,3,0.6650348472964001
BRW000996,38,0.8716699311629805,6,3,9,674,2,33,0.4746221766085871
BRW000997,48,0.916969673390662,9,6,7,112,2,4,0.8326328580069011
BRW000998,40,0.9139200036298423,10,6,2,549,0,21,0.8511043209805115
BRW000999,45,0.5487165497528617,8,6,7,1324,2,2,0.5518552811878921
BRW001000,48,0.7719031877991857,9,5,9,167,2,26,0.5968371538546
